{
  "framework": "Jittor",
  "epochs": 50,
  "batch_size": 4,
  "num_images": 1000,
  "train_losses": [
    106.9330973815918,
    106.54547100830078,
    103.69319229125976,
    103.2933482055664,
    106.00358209228516,
    105.33063186645508,
    104.34070544433594,
    106.29188180541992,
    104.90932049560547,
    106.28019439697266,
    105.0285516052246,
    104.34115982055664,
    104.59076971435547,
    106.62025424194336,
    105.52951171875,
    105.47307305908203,
    105.83956060791016,
    106.65341616821289,
    107.44585235595703,
    109.24251766967774,
    105.81192294311523,
    107.17892407226563,
    104.86948840332032,
    106.3542152709961,
    104.13649478149414,
    104.68054376220704,
    105.31354644775391,
    104.42989233398437,
    109.48785037231445,
    105.49986154174805,
    106.30476266479492,
    105.83768035888671,
    105.22517196655274,
    104.7798717956543,
    106.99119171142578,
    103.53794174194336,
    105.40921578979493,
    106.45096032714844,
    103.18978518676758,
    106.11309616088867,
    107.30172634887695,
    107.5111008605957,
    107.32121328735352,
    105.67810360717773,
    107.60425848388672,
    107.97921524047851,
    106.34982186889648,
    106.40960482788086,
    106.2701625366211,
    105.79435916137696
  ],
  "best_loss": 103.18978518676758,
  "total_time": 29092.127242326736,
  "avg_speed": 581.8425448465347
}