{
  "image_path": "/home/kyc/project/GOLD-YOLO/data/coco2017_val/images/000000360951.jpg",
  "detections": [],
  "timing": {
    "preprocess_ms": 6.503820419311523,
    "model_inference_ms": 0.9124279022216797,
    "decode_ms": 9761.694431304932,
    "postprocess_ms": 0.09131431579589844,
    "visualization_ms": 956.8769931793213,
    "total_ms": 10726.078987121582,
    "fps": 0.09323071377720266
  },
  "model_info": {
    "input_shape": [
      1,
      3,
      640,
      640
    ],
    "cls_output_shape": [
      1,
      525,
      80
    ],
    "reg_output_shape": [
      1,
      525,
      68
    ],
    "num_features": 5,
    "decoder_anchors": 25200
  }
}