{
  "image_path": "/home/kyc/project/GOLD-YOLO/data/coco2017_val/images/000000267351.jpg",
  "detections": [],
  "timing": {
    "preprocess_ms": 3.428936004638672,
    "model_inference_ms": 0.9109973907470703,
    "decode_ms": 1035.6247425079346,
    "postprocess_ms": 0.060558319091796875,
    "visualization_ms": 550.8499145507812,
    "total_ms": 1590.8751487731934,
    "fps": 0.6285848394647136
  },
  "model_info": {
    "input_shape": [
      1,
      3,
      640,
      640
    ],
    "cls_output_shape": [
      1,
      525,
      80
    ],
    "reg_output_shape": [
      1,
      525,
      68
    ],
    "num_features": 5,
    "decoder_anchors": 25200
  }
}